Customer ID,Gender,Age,Salary,Product ID,Price,Purchased,Product Category
1,Female,49,61000,P01,2000,1,Sports
2,Male,36,30000,P06,2000,1,Mobile Accessories
3,Female,26,81000,P02,3500,1,Clothing
4,Female,32,74000,P01,7000,0,Sports
5,Female,42,56000,P01,5000,0,Sports
6,Male,32,92000,P02,3500,1,Clothing
7,Female,40,73000,P01,7000,0,Sports
8,Female,39,20000,P06,2000,0,Mobile Accessories
9,Female,21,47000,P03,3500,0,Shoes
10,Male,49,38000,P01,2000,1,Sports
11,Female,31,40000,P03,5000,1,Shoes
12,Male,30,34000,P06,2000,0,Mobile Accessories
13,Female,52,49000,P01,2000,0,Sports
14,Male,35,99000,P04,5000,1,Computer Accessories
15,Male,47,41000,P02,3500,0,Clothing
16,Male,24,93000,P01,5000,1,Sports
17,Male,54,30000,P06,5000,0,Mobile Accessories
18,Female,33,66000,P01,7000,0,Sports
19,Male,25,39000,P02,7000,0,Clothing
20,Male,64,47000,P03,5000,0,Shoes
21,Female,42,100000,P04,7000,0,Computer Accessories
22,Male,20,77000,P02,3500,1,Clothing
23,Male,18,54000,P03,2000,0,Shoes
24,Male,25,51000,P02,3500,1,Clothing
25,Female,21,35000,P01,3500,0,Sports
26,Female,53,23000,P01,2000,0,Sports
27,Female,60,52000,P03,5000,0,Shoes
28,Female,29,20000,P06,2000,0,Mobile Accessories
29,Male,43,88000,P03,5000,1,Shoes
30,Male,26,28000,P06,5000,0,Mobile Accessories
31,Female,22,70000,P03,2000,1,Shoes
32,Male,23,43000,P02,7000,0,Clothing
33,Female,63,91000,P04,7000,0,Computer Accessories
34,Female,57,78000,P01,2000,0,Sports
35,Male,41,81000,P01,5000,1,Sports
36,Female,43,87000,P03,5000,1,Shoes
37,Male,64,58000,P02,2000,0,Clothing
38,Female,41,72000,P02,2000,1,Clothing
39,Male,22,20000,P06,7000,0,Mobile Accessories
40,Male,30,36000,P01,3500,0,Sports
41,Female,28,67000,P02,7000,0,Clothing
42,Female,54,45000,P03,2000,1,Shoes
43,Male,39,90000,P03,3500,1,Shoes
44,Female,55,26000,P06,7000,0,Mobile Accessories
45,Male,60,31000,P03,7000,0,Shoes
46,Female,36,67000,P02,5000,1,Clothing
47,Male,38,21000,P06,7000,0,Mobile Accessories
48,Female,19,28000,P01,3500,0,Sports
49,Female,33,57000,P01,7000,0,Sports
50,Male,32,71000,P03,3500,1,Shoes
51,Female,20,56000,P03,5000,1,Shoes
52,Female,43,95000,P01,5000,1,Sports
53,Female,34,48000,P03,7000,0,Shoes
54,Female,56,51000,P03,7000,0,Shoes
55,Male,58,39000,P01,2000,0,Sports
56,Male,54,24000,P03,2000,0,Shoes
57,Male,33,64000,P03,5000,0,Shoes
58,Male,23,35000,P01,2000,0,Sports
59,Male,56,95000,P05,5000,1,Stationery
60,Male,53,53000,P02,2000,1,Clothing
61,Female,36,64000,P01,2000,0,Sports
62,Female,46,68000,P01,7000,0,Sports
63,Female,35,87000,P03,5000,1,Shoes
64,Female,43,46000,P01,3500,0,Sports
65,Female,36,28000,P06,5000,0,Mobile Accessories
66,Male,61,84000,P03,7000,0,Shoes
67,Male,63,61000,P01,5000,1,Sports
68,Female,50,33000,P02,2000,1,Clothing
69,Female,59,81000,P01,3500,1,Sports
70,Female,59,79000,P03,3500,1,Shoes
71,Female,35,73000,P02,5000,1,Clothing
72,Female,64,27000,P06,3500,0,Mobile Accessories
73,Female,45,67000,P02,7000,0,Clothing
74,Female,31,82000,P01,5000,1,Sports
75,Female,60,78000,P02,3500,1,Clothing
76,Female,37,95000,P02,3500,1,Clothing
77,Female,50,38000,P02,7000,0,Clothing
78,Male,58,83000,P02,2000,1,Clothing
79,Male,61,47000,P01,2000,0,Sports
80,Male,44,85000,P03,2000,1,Shoes
81,Male,40,72000,P01,2000,1,Sports
82,Male,33,96000,P01,7000,0,Sports
83,Female,51,31000,P02,3500,1,Clothing
84,Female,35,54000,P03,2000,1,Shoes
85,Female,26,29000,P02,5000,0,Clothing
86,Female,23,74000,P01,5000,1,Sports
87,Male,44,72000,P02,3500,1,Clothing
88,Male,18,51000,P01,3500,0,Sports
89,Male,49,62000,P01,3500,0,Sports
90,Female,40,73000,P01,2000,0,Sports
91,Male,54,25000,P06,2000,0,Mobile Accessories
92,Male,37,90000,P02,2000,1,Clothing
93,Male,18,79000,P02,3500,1,Clothing
94,Female,24,93000,P01,3500,1,Sports
95,Male,39,37000,P02,3500,1,Clothing
96,Female,52,36000,P03,2000,1,Shoes
97,Male,20,63000,P01,5000,0,Sports
98,Female,29,37000,P03,5000,0,Shoes
99,Female,27,43000,P02,5000,1,Clothing
100,Female,37,29000,P06,7000,0,Mobile Accessories
101,Male,62,89000,P03,7000,0,Shoes
102,Male,38,94000,P04,7000,0,Computer Accessories
103,Female,20,34000,P03,5000,1,Shoes
104,Female,38,22000,P06,3500,0,Mobile Accessories
105,Female,40,24000,P02,3500,0,Clothing
106,Male,29,71000,P03,3500,0,Shoes
107,Female,32,47000,P03,3500,0,Shoes
108,Female,39,59000,P02,3500,1,Clothing
109,Female,51,95000,P04,7000,0,Computer Accessories
110,Male,45,97000,P04,7000,0,Computer Accessories
111,Male,40,20000,P03,5000,0,Shoes
112,Female,21,80000,P02,7000,0,Clothing
113,Female,56,61000,P01,5000,0,Sports
114,Female,37,24000,P01,2000,0,Sports
115,Female,28,72000,P02,7000,0,Clothing
116,Female,18,40000,P02,2000,0,Clothing
117,Female,38,65000,P03,7000,0,Shoes
118,Male,45,60000,P03,3500,0,Shoes
119,Male,33,84000,P02,2000,1,Clothing
120,Female,63,25000,P01,3500,0,Sports
121,Female,21,39000,P01,5000,1,Sports
122,Female,33,83000,P02,5000,1,Clothing
123,Female,39,23000,P06,5000,0,Mobile Accessories
124,Female,37,61000,P02,2000,0,Clothing
125,Female,58,38000,P03,2000,0,Shoes
126,Male,35,93000,P05,3500,1,Stationery
127,Male,32,64000,P02,7000,0,Clothing
128,Male,60,41000,P03,7000,0,Shoes
129,Male,54,46000,P01,7000,0,Sports
130,Male,50,31000,P03,2000,1,Shoes
131,Female,59,97000,P04,3500,1,Computer Accessories
132,Female,56,95000,P04,5000,1,Computer Accessories
133,Female,39,20000,P01,7000,0,Sports
134,Male,56,36000,P02,5000,1,Clothing
135,Female,24,44000,P01,7000,0,Sports
136,Male,61,58000,P02,5000,1,Clothing
137,Male,62,40000,P03,5000,0,Shoes
138,Female,26,41000,P02,2000,1,Clothing
139,Female,27,34000,P03,5000,1,Shoes
140,Female,20,98000,P03,3500,1,Shoes
141,Female,53,60000,P02,5000,0,Clothing
142,Female,41,31000,P02,2000,0,Clothing
143,Male,19,25000,P06,3500,0,Mobile Accessories
144,Male,51,60000,P03,3500,0,Shoes
145,Male,21,43000,P01,5000,1,Sports
146,Female,45,32000,P02,3500,1,Clothing
147,Male,62,68000,P02,7000,0,Clothing
148,Male,64,43000,P03,7000,0,Shoes
149,Female,22,44000,P02,7000,0,Clothing
150,Male,22,60000,P01,3500,1,Sports
151,Male,58,31000,P03,3500,0,Shoes
152,Male,62,60000,P03,7000,0,Shoes
153,Female,18,45000,P02,3500,0,Clothing
154,Male,38,84000,P01,7000,0,Sports
155,Male,64,41000,P01,2000,0,Sports
156,Female,23,60000,P03,7000,0,Shoes
157,Female,24,35000,P01,2000,1,Sports
158,Male,42,67000,P01,5000,1,Sports
159,Male,42,70000,P03,3500,0,Shoes
160,Female,59,60000,P01,5000,1,Sports
161,Male,28,22000,P01,5000,0,Sports
162,Male,22,90000,P02,7000,0,Clothing
163,Male,28,86000,P01,2000,1,Sports
164,Female,29,51000,P03,7000,0,Shoes
165,Female,43,95000,P04,2000,1,Computer Accessories
166,Female,35,27000,P01,2000,0,Sports
167,Male,22,63000,P01,7000,0,Sports
168,Female,46,63000,P02,5000,1,Clothing
169,Female,22,87000,P02,2000,1,Clothing
170,Male,42,53000,P02,5000,1,Clothing
171,Male,26,60000,P03,3500,0,Shoes
172,Female,26,21000,P02,2000,0,Clothing
173,Male,44,60000,P02,3500,1,Clothing
174,Female,46,62000,P01,5000,1,Sports
175,Male,52,49000,P03,7000,0,Shoes
176,Male,41,84000,P03,5000,1,Shoes
177,Female,32,79000,P03,7000,0,Shoes
178,Female,32,89000,P01,3500,1,Sports
179,Male,43,42000,P03,7000,0,Shoes
180,Female,62,59000,P03,5000,1,Shoes
181,Female,57,87000,P02,2000,1,Clothing
182,Male,50,65000,P01,7000,0,Sports
183,Female,20,46000,P02,7000,0,Clothing
184,Female,50,43000,P02,7000,0,Clothing
185,Female,23,79000,P02,3500,1,Clothing
186,Male,37,80000,P02,7000,0,Clothing
187,Female,38,63000,P02,5000,0,Clothing
188,Female,30,34000,P01,7000,0,Sports
189,Female,23,80000,P03,2000,1,Shoes
190,Female,30,93000,P01,5000,1,Sports
191,Male,52,35000,P01,5000,1,Sports
192,Female,33,77000,P03,2000,0,Shoes
193,Female,36,55000,P02,3500,1,Clothing
194,Female,63,84000,P02,3500,1,Clothing
195,Male,32,27000,P06,7000,0,Mobile Accessories
196,Female,48,62000,P02,5000,0,Clothing
197,Female,55,41000,P03,2000,0,Shoes
198,Female,19,66000,P02,2000,1,Clothing
199,Male,56,79000,P03,2000,0,Shoes
200,Male,32,100000,P04,5000,1,Computer Accessories
201,Male,19,47000,P03,3500,1,Shoes
202,Male,48,69000,P02,3500,1,Clothing
203,Male,55,49000,P01,5000,1,Sports
204,Male,46,68000,P01,5000,1,Sports
205,Male,56,80000,P01,5000,1,Sports
206,Male,54,82000,P02,5000,1,Clothing
207,Male,59,31000,P01,2000,0,Sports
208,Female,48,50000,P02,2000,0,Clothing
209,Female,58,95000,P04,7000,0,Computer Accessories
210,Female,51,65000,P03,5000,1,Shoes
211,Male,39,45000,P02,2000,0,Clothing
212,Female,33,35000,P02,3500,1,Clothing
213,Male,62,67000,P01,3500,1,Sports
214,Male,33,27000,P02,5000,0,Clothing
215,Male,47,47000,P02,7000,0,Clothing
216,Male,54,32000,P01,2000,0,Sports
217,Female,45,63000,P03,3500,1,Shoes
218,Male,40,84000,P01,5000,1,Sports
219,Male,30,40000,P01,7000,0,Sports
220,Male,20,33000,P02,5000,0,Clothing
221,Female,64,60000,P03,5000,0,Shoes
222,Female,61,75000,P01,2000,0,Sports
223,Female,50,52000,P01,5000,0,Sports
224,Female,21,49000,P03,3500,0,Shoes
225,Female,64,31000,P03,7000,0,Shoes
226,Female,57,34000,P01,5000,1,Sports
227,Female,42,76000,P03,5000,0,Shoes
228,Male,49,84000,P03,3500,1,Shoes
229,Female,55,58000,P02,5000,0,Clothing
230,Female,52,48000,P03,7000,0,Shoes
231,Female,57,86000,P02,2000,1,Clothing
232,Female,30,80000,P01,3500,1,Sports
233,Male,27,52000,P02,3500,0,Clothing
234,Female,48,22000,P01,7000,0,Sports
235,Male,45,96000,P03,2000,1,Shoes
236,Female,61,79000,P03,7000,0,Shoes
237,Male,57,72000,P02,3500,1,Clothing
238,Male,49,78000,P01,7000,0,Sports
239,Female,40,100000,P04,5000,1,Computer Accessories
240,Male,52,21000,P01,2000,0,Sports
241,Male,59,23000,P03,2000,0,Shoes
242,Male,63,41000,P03,2000,1,Shoes
243,Female,61,52000,P03,7000,0,Shoes
244,Male,60,81000,P03,3500,1,Shoes
245,Female,22,98000,P03,3500,1,Shoes
246,Male,52,73000,P01,3500,1,Sports
247,Male,52,82000,P02,5000,1,Clothing
248,Male,24,90000,P02,3500,1,Clothing
249,Female,23,97000,P04,7000,0,Computer Accessories
250,Female,52,92000,P01,5000,1,Sports
251,Female,49,38000,P01,2000,1,Sports
252,Female,61,64000,P02,5000,0,Clothing
253,Female,48,39000,P03,5000,0,Shoes
254,Male,21,93000,P03,3500,1,Shoes
255,Female,63,99000,P04,7000,0,Computer Accessories
256,Male,44,46000,P03,7000,0,Shoes
257,Male,56,97000,P01,3500,1,Sports
258,Male,63,35000,P01,5000,0,Sports
259,Female,41,28000,P02,3500,0,Clothing
260,Male,64,92000,P05,3500,1,Stationery
261,Male,60,50000,P03,7000,0,Shoes
262,Male,60,98000,P02,5000,1,Clothing
263,Male,45,86000,P01,3500,1,Sports
264,Male,57,97000,P01,3500,1,Sports
265,Female,31,97000,P02,7000,0,Clothing
266,Female,39,31000,P02,7000,0,Clothing
267,Male,23,68000,P02,7000,0,Clothing
268,Male,23,30000,P03,3500,0,Shoes
269,Female,56,89000,P03,5000,1,Shoes
270,Female,22,33000,P02,7000,0,Clothing
271,Female,47,73000,P01,5000,0,Sports
272,Female,41,63000,P03,7000,0,Shoes
273,Female,37,87000,P01,7000,0,Sports
274,Male,28,70000,P03,2000,0,Shoes
275,Female,40,20000,P02,2000,0,Clothing
276,Female,60,45000,P01,7000,0,Sports
277,Female,56,41000,P03,2000,1,Shoes
278,Female,19,34000,P06,3500,1,Mobile Accessories
279,Male,18,74000,P03,5000,0,Shoes
280,Female,63,81000,P03,7000,0,Shoes
281,Female,51,23000,P06,5000,0,Mobile Accessories
282,Female,21,21000,P06,7000,0,Mobile Accessories
283,Female,28,36000,P03,7000,0,Shoes
284,Male,32,45000,P01,3500,0,Sports
285,Male,31,81000,P02,2000,1,Clothing
286,Female,34,68000,P01,2000,0,Sports
287,Male,43,34000,P03,3500,1,Shoes
288,Female,23,31000,P01,2000,1,Sports
289,Female,24,41000,P02,2000,1,Clothing
290,Female,36,90000,P05,7000,0,Stationery
291,Female,23,65000,P02,5000,0,Clothing
292,Male,18,45000,P03,3500,1,Shoes
293,Male,42,40000,P01,2000,0,Sports
294,Female,53,90000,P01,5000,1,Sports
295,Male,24,68000,P01,5000,0,Sports
296,Female,34,77000,P01,7000,0,Sports
297,Female,39,76000,P01,3500,1,Sports
298,Male,29,46000,P01,7000,0,Sports
299,Female,43,28000,P02,2000,0,Clothing
300,Female,38,39000,P03,5000,0,Shoes
301,Female,53,62000,P02,2000,0,Clothing
302,Male,45,38000,P02,2000,0,Clothing
303,Female,22,82000,P01,3500,1,Sports
304,Male,55,75000,P01,5000,0,Sports
305,Female,37,26000,P01,5000,0,Sports
306,Male,29,62000,P01,5000,1,Sports
307,Female,47,37000,P03,2000,1,Shoes
308,Male,30,82000,P01,5000,1,Sports
309,Male,27,97000,P02,2000,1,Clothing
310,Female,52,47000,P03,5000,0,Shoes
311,Male,21,24000,P06,7000,0,Mobile Accessories
312,Female,39,96000,P02,2000,1,Clothing
313,Male,32,42000,P03,2000,1,Shoes
314,Female,45,72000,P03,2000,1,Shoes
315,Female,45,37000,P02,2000,1,Clothing
316,Female,30,24000,P02,7000,0,Clothing
317,Female,62,36000,P01,2000,0,Sports
318,Female,50,72000,P02,2000,1,Clothing
319,Male,58,47000,P01,2000,1,Sports
320,Male,56,87000,P01,3500,1,Sports
321,Male,27,60000,P02,2000,0,Clothing
322,Male,22,96000,P03,3500,1,Shoes
323,Female,43,49000,P02,5000,0,Clothing
324,Female,54,51000,P03,2000,1,Shoes
325,Male,47,90000,P01,2000,1,Sports
326,Female,35,28000,P06,5000,0,Mobile Accessories
327,Female,44,35000,P01,7000,0,Sports
328,Female,22,87000,P01,7000,0,Sports
329,Female,58,49000,P01,7000,0,Sports
330,Female,36,32000,P01,5000,0,Sports
331,Male,52,40000,P03,7000,0,Shoes
332,Female,60,45000,P03,5000,0,Shoes
333,Female,45,68000,P01,2000,1,Sports
334,Male,57,30000,P03,2000,0,Shoes
335,Female,40,67000,P03,7000,0,Shoes
336,Female,56,33000,P03,5000,1,Shoes
337,Male,35,26000,P03,2000,0,Shoes
338,Female,26,35000,P02,5000,1,Clothing
339,Female,43,67000,P03,5000,0,Shoes
340,Male,41,60000,P02,3500,0,Clothing
341,Female,27,27000,P01,2000,0,Sports
342,Male,44,53000,P01,3500,0,Sports
343,Female,50,77000,P01,5000,1,Sports
344,Male,35,34000,P03,3500,1,Shoes
345,Male,59,59000,P03,3500,1,Shoes
346,Male,46,25000,P03,5000,0,Shoes
347,Male,40,31000,P06,7000,0,Mobile Accessories
348,Male,41,66000,P01,2000,1,Sports
349,Male,19,32000,P01,7000,0,Sports
350,Male,46,31000,P03,3500,1,Shoes
351,Female,44,43000,P01,2000,0,Sports
352,Male,46,60000,P01,5000,0,Sports
353,Male,18,58000,P01,7000,0,Sports
354,Female,50,86000,P01,7000,0,Sports
355,Female,41,26000,P02,7000,0,Clothing
356,Female,54,93000,P05,2000,1,Stationery
357,Female,63,31000,P01,7000,0,Sports
358,Female,33,85000,P01,7000,0,Sports
359,Female,38,77000,P01,7000,0,Sports
360,Male,62,98000,P04,3500,1,Computer Accessories
361,Male,37,78000,P01,3500,1,Sports
362,Male,24,95000,P05,7000,0,Stationery
363,Male,38,70000,P02,2000,1,Clothing
364,Female,53,94000,P02,5000,1,Clothing
365,Male,38,97000,P04,5000,1,Computer Accessories
366,Male,59,56000,P01,2000,1,Sports
367,Female,35,24000,P06,2000,0,Mobile Accessories
368,Female,24,90000,P03,5000,1,Shoes
369,Male,54,22000,P03,2000,0,Shoes
370,Male,23,83000,P01,7000,0,Sports
371,Male,40,70000,P02,2000,0,Clothing
372,Female,38,100000,P04,2000,1,Computer Accessories
373,Female,52,32000,P02,3500,0,Clothing
374,Female,46,84000,P01,5000,1,Sports
375,Male,31,66000,P01,7000,0,Sports
376,Female,53,86000,P03,7000,0,Shoes
377,Female,31,35000,P01,7000,0,Sports
378,Male,18,50000,P01,2000,0,Sports
379,Male,45,21000,P06,5000,0,Mobile Accessories
380,Male,24,91000,P01,5000,1,Sports
381,Female,43,39000,P01,3500,1,Sports
382,Female,40,86000,P01,5000,1,Sports
383,Male,60,51000,P02,7000,0,Clothing
384,Male,21,23000,P06,7000,0,Mobile Accessories
385,Female,54,22000,P03,7000,0,Shoes
386,Female,49,23000,P06,7000,0,Mobile Accessories
387,Female,33,61000,P03,5000,1,Shoes
388,Male,57,47000,P01,2000,1,Sports
389,Female,42,33000,P01,7000,0,Sports
390,Female,35,39000,P03,2000,1,Shoes
391,Male,62,97000,P01,7000,0,Sports
392,Female,56,90000,P05,3500,1,Stationery
393,Male,46,54000,P01,2000,1,Sports
394,Male,36,67000,P03,2000,1,Shoes
395,Male,21,40000,P02,7000,0,Clothing
396,Male,28,26000,P06,7000,0,Mobile Accessories
397,Male,25,66000,P02,3500,0,Clothing
398,Female,33,70000,P02,5000,0,Clothing
399,Male,37,38000,P03,3500,1,Shoes
400,Male,34,82000,P03,5000,1,Shoes
401,Female,39,92000,P05,5000,1,Stationery
402,Female,58,72000,P02,3500,0,Clothing
403,Female,30,83000,P02,3500,1,Clothing
404,Female,47,67000,P02,2000,0,Clothing
405,Female,37,38000,P03,2000,1,Shoes
406,Male,55,22000,P02,3500,0,Clothing
407,Female,45,79000,P03,5000,1,Shoes
408,Male,55,21000,P06,5000,0,Mobile Accessories
409,Male,57,37000,P02,3500,0,Clothing
410,Female,33,89000,P02,7000,0,Clothing
411,Female,25,70000,P02,7000,0,Clothing
412,Male,28,37000,P03,5000,1,Shoes
413,Female,61,21000,P03,2000,0,Shoes
414,Female,48,79000,P03,2000,1,Shoes
415,Male,47,51000,P02,3500,1,Clothing
416,Male,56,95000,P01,5000,1,Sports
417,Male,27,49000,P03,3500,0,Shoes
418,Female,62,33000,P06,5000,0,Mobile Accessories
419,Female,37,41000,P02,2000,1,Clothing
420,Female,35,26000,P01,7000,0,Sports
421,Male,24,25000,P03,5000,0,Shoes
422,Female,63,81000,P01,2000,1,Sports
423,Male,31,50000,P01,7000,0,Sports
424,Male,25,78000,P03,3500,1,Shoes
425,Female,33,91000,P02,3500,1,Clothing
426,Female,62,86000,P02,7000,0,Clothing
427,Female,51,67000,P01,5000,1,Sports
428,Male,34,36000,P03,3500,1,Shoes
429,Female,21,84000,P01,2000,1,Sports
430,Female,35,20000,P03,5000,0,Shoes
431,Female,39,21000,P06,2000,0,Mobile Accessories
432,Female,59,23000,P02,7000,0,Clothing
433,Male,55,25000,P06,2000,0,Mobile Accessories
434,Female,46,69000,P02,2000,0,Clothing
435,Male,60,60000,P03,7000,0,Shoes
436,Female,31,82000,P02,2000,1,Clothing
437,Male,19,43000,P02,2000,1,Clothing
438,Male,39,35000,P01,5000,1,Sports
439,Female,58,76000,P01,7000,0,Sports
440,Male,38,30000,P03,7000,0,Shoes
441,Female,45,38000,P03,5000,0,Shoes
442,Female,41,84000,P02,2000,1,Clothing
443,Male,28,56000,P03,3500,1,Shoes
444,Female,21,98000,P04,3500,1,Computer Accessories
445,Male,52,90000,P05,5000,1,Stationery
446,Female,60,81000,P02,7000,0,Clothing
447,Male,32,78000,P02,5000,1,Clothing
448,Female,22,74000,P03,7000,0,Shoes
449,Female,58,28000,P02,5000,0,Clothing
450,Male,18,38000,P03,2000,1,Shoes
451,Male,52,98000,P04,2000,1,Computer Accessories
452,Male,43,20000,P03,7000,0,Shoes
453,Male,24,85000,P01,5000,1,Sports
454,Female,58,49000,P01,3500,1,Sports
455,Female,56,41000,P03,7000,0,Shoes
456,Male,30,27000,P03,2000,0,Shoes
457,Male,32,56000,P01,3500,0,Sports
458,Female,39,41000,P01,2000,1,Sports
459,Female,31,94000,P05,5000,1,Stationery
460,Female,35,48000,P02,3500,1,Clothing
461,Female,31,83000,P03,2000,1,Shoes
462,Male,51,40000,P01,2000,1,Sports
463,Male,42,68000,P02,7000,0,Clothing
464,Male,62,24000,P06,3500,0,Mobile Accessories
465,Male,49,77000,P02,3500,1,Clothing
466,Male,19,100000,P04,5000,1,Computer Accessories
467,Female,23,79000,P01,5000,0,Sports
468,Male,58,30000,P03,7000,0,Shoes
469,Male,59,42000,P01,7000,0,Sports
470,Female,43,55000,P03,2000,1,Shoes
471,Male,63,99000,P01,7000,0,Sports
472,Female,42,35000,P02,5000,1,Clothing
473,Female,34,46000,P03,5000,0,Shoes
474,Female,21,51000,P03,7000,0,Shoes
475,Female,18,34000,P02,2000,1,Clothing
476,Male,46,98000,P04,5000,1,Computer Accessories
477,Male,24,69000,P01,2000,0,Sports
478,Male,57,62000,P01,5000,1,Sports
479,Female,61,20000,P02,2000,0,Clothing
480,Male,28,82000,P03,3500,1,Shoes
481,Male,60,49000,P01,3500,0,Sports
482,Male,35,64000,P01,7000,0,Sports
483,Female,24,85000,P01,5000,1,Sports
484,Female,23,90000,P02,3500,1,Clothing
485,Male,63,78000,P02,7000,0,Clothing
486,Female,52,26000,P02,7000,0,Clothing
487,Male,30,43000,P03,2000,0,Shoes
488,Male,58,63000,P01,3500,1,Sports
489,Female,56,65000,P01,3500,1,Sports
490,Male,28,94000,P03,7000,0,Shoes
491,Female,19,90000,P05,2000,1,Stationery
492,Female,64,47000,P03,2000,0,Shoes
493,Female,47,43000,P01,2000,1,Sports
494,Female,18,52000,P02,2000,1,Clothing
495,Male,21,60000,P03,3500,0,Shoes
496,Male,61,68000,P01,3500,1,Sports
497,Female,42,62000,P01,3500,1,Sports
498,Female,26,88000,P01,2000,1,Sports
499,Male,27,53000,P03,5000,0,Shoes
500,Female,46,77000,P02,7000,0,Clothing
501,Male,49,56000,P02,5000,0,Clothing
502,Male,35,23000,P02,5000,0,Clothing
503,Female,32,72000,P03,7000,0,Shoes
504,Female,63,27000,P01,3500,0,Sports
505,Male,40,90000,P05,5000,1,Stationery
506,Male,60,68000,P02,3500,1,Clothing
507,Male,33,57000,P01,5000,0,Sports
508,Female,39,64000,P03,2000,0,Shoes
509,Male,23,64000,P02,5000,0,Clothing
510,Female,46,30000,P02,3500,0,Clothing
511,Male,33,88000,P03,3500,1,Shoes
512,Female,26,79000,P01,3500,0,Sports
513,Female,29,87000,P03,7000,0,Shoes
514,Female,40,22000,P03,5000,0,Shoes
515,Female,40,80000,P03,2000,0,Shoes
516,Female,19,52000,P01,5000,0,Sports
517,Male,51,52000,P03,5000,0,Shoes
518,Male,27,20000,P01,7000,0,Sports
519,Male,25,76000,P02,3500,0,Clothing
520,Male,46,89000,P01,2000,1,Sports
521,Female,33,98000,P03,3500,1,Shoes
522,Male,54,36000,P02,5000,0,Clothing
523,Male,64,69000,P03,3500,1,Shoes
524,Female,20,80000,P03,5000,0,Shoes
525,Female,36,39000,P01,2000,0,Sports
526,Male,57,100000,P02,2000,1,Clothing
527,Male,25,91000,P01,7000,0,Sports
528,Female,40,79000,P01,5000,0,Sports
529,Female,29,41000,P02,3500,0,Clothing
530,Female,46,28000,P01,2000,0,Sports
531,Male,59,30000,P02,5000,0,Clothing
532,Male,55,52000,P01,5000,1,Sports
533,Male,28,59000,P02,5000,0,Clothing
534,Male,48,90000,P05,3500,1,Stationery
535,Male,62,67000,P02,7000,0,Clothing
536,Male,54,21000,P01,7000,0,Sports
537,Male,52,76000,P01,5000,0,Sports
538,Female,39,29000,P01,2000,0,Sports
539,Male,64,68000,P02,7000,0,Clothing
540,Female,46,35000,P02,7000,0,Clothing
541,Female,38,60000,P01,3500,0,Sports
542,Female,18,51000,P02,5000,0,Clothing
543,Male,33,35000,P03,3500,1,Shoes
544,Female,26,55000,P03,7000,0,Shoes
545,Male,50,28000,P01,7000,0,Sports
546,Male,51,79000,P02,5000,1,Clothing
547,Female,35,59000,P02,5000,0,Clothing
548,Female,21,66000,P02,5000,0,Clothing
549,Male,59,65000,P03,2000,1,Shoes
550,Female,61,75000,P01,7000,0,Sports
551,Female,42,39000,P02,3500,0,Clothing
552,Female,55,53000,P01,5000,0,Sports
553,Male,20,100000,P04,3500,1,Computer Accessories
554,Male,43,71000,P01,3500,1,Sports
555,Male,53,43000,P03,3500,0,Shoes
556,Female,32,93000,P03,7000,0,Shoes
557,Female,34,93000,P01,3500,1,Sports
558,Male,37,22000,P03,5000,0,Shoes
559,Female,24,78000,P02,7000,0,Clothing
560,Male,40,82000,P01,5000,1,Sports
561,Female,64,23000,P01,2000,0,Sports
562,Female,40,30000,P01,2000,0,Sports
563,Female,49,81000,P01,2000,1,Sports
564,Male,63,62000,P03,3500,0,Shoes
565,Female,47,59000,P01,2000,1,Sports
566,Female,63,86000,P02,5000,1,Clothing
567,Male,50,24000,P02,5000,0,Clothing
568,Female,39,87000,P02,2000,1,Clothing
569,Male,20,23000,P02,3500,0,Clothing
570,Female,22,47000,P02,3500,1,Clothing
571,Male,60,59000,P01,7000,0,Sports
572,Male,41,20000,P03,5000,0,Shoes
573,Female,62,54000,P03,7000,0,Shoes
574,Male,41,100000,P04,3500,1,Computer Accessories
575,Female,49,69000,P01,3500,1,Sports
576,Male,47,74000,P03,5000,0,Shoes
577,Male,51,87000,P01,2000,1,Sports
578,Female,19,50000,P02,3500,1,Clothing
579,Female,56,59000,P02,5000,1,Clothing
580,Male,63,20000,P01,5000,0,Sports
581,Male,46,48000,P01,5000,1,Sports
582,Female,56,23000,P02,5000,0,Clothing
583,Female,19,71000,P01,7000,0,Sports
584,Female,33,94000,P03,5000,1,Shoes
585,Female,60,80000,P01,3500,1,Sports
586,Female,57,94000,P02,5000,1,Clothing
587,Female,59,53000,P03,7000,0,Shoes
588,Male,52,88000,P02,7000,0,Clothing
589,Female,30,44000,P03,3500,1,Shoes
590,Female,50,48000,P01,2000,1,Sports
591,Female,23,74000,P03,7000,0,Shoes
592,Female,28,85000,P01,3500,1,Sports
593,Male,64,27000,P02,3500,0,Clothing
594,Male,25,64000,P03,7000,0,Shoes
595,Female,28,33000,P02,7000,0,Clothing
596,Female,29,27000,P01,5000,0,Sports
597,Male,18,53000,P03,3500,1,Shoes
598,Male,62,74000,P02,2000,0,Clothing
599,Male,34,76000,P03,5000,1,Shoes
600,Female,64,60000,P03,3500,1,Shoes
601,Male,27,90000,P05,2000,1,Stationery
602,Male,23,86000,P02,5000,1,Clothing
603,Male,18,99000,P02,3500,1,Clothing
604,Female,24,87000,P03,7000,0,Shoes
605,Male,53,21000,P02,3500,0,Clothing
606,Female,48,53000,P01,2000,0,Sports
607,Male,22,81000,P03,2000,1,Shoes
608,Male,41,76000,P01,5000,0,Sports
609,Female,30,56000,P02,7000,0,Clothing
610,Female,49,72000,P03,5000,1,Shoes
611,Male,41,52000,P01,3500,0,Sports
612,Male,20,29000,P02,7000,0,Clothing
613,Female,27,22000,P02,5000,0,Clothing
614,Male,36,23000,P01,5000,0,Sports
615,Female,33,35000,P03,5000,0,Shoes
616,Female,28,35000,P02,2000,0,Clothing
617,Male,64,54000,P03,3500,1,Shoes
618,Male,19,80000,P01,5000,1,Sports
619,Female,54,80000,P03,3500,1,Shoes
620,Female,27,86000,P02,3500,1,Clothing
621,Female,36,66000,P01,3500,0,Sports
622,Female,61,88000,P03,5000,1,Shoes
623,Female,21,28000,P02,5000,0,Clothing
624,Male,30,97000,P05,7000,0,Stationery
625,Female,37,47000,P01,2000,0,Sports
626,Male,53,45000,P02,7000,0,Clothing
627,Female,43,25000,P01,7000,0,Sports
628,Female,51,23000,P03,5000,0,Shoes
629,Male,32,28000,P03,2000,0,Shoes
630,Female,22,100000,P02,2000,1,Clothing
631,Female,34,77000,P01,7000,0,Sports
632,Male,21,77000,P01,2000,0,Sports
633,Female,57,74000,P03,7000,0,Shoes
634,Male,62,42000,P03,5000,1,Shoes
635,Male,63,99000,P04,7000,0,Computer Accessories
636,Male,55,54000,P03,5000,0,Shoes
637,Female,49,59000,P03,7000,0,Shoes
638,Male,40,31000,P01,3500,1,Sports
639,Male,23,55000,P01,7000,0,Sports
640,Female,64,33000,P03,5000,1,Shoes
641,Female,57,91000,P05,7000,0,Stationery
642,Male,21,33000,P02,2000,1,Clothing
643,Male,40,49000,P02,7000,0,Clothing
644,Male,50,89000,P01,2000,1,Sports
645,Male,57,61000,P01,3500,1,Sports
646,Female,61,53000,P02,2000,1,Clothing
647,Male,42,25000,P01,7000,0,Sports
648,Male,32,33000,P01,3500,0,Sports
649,Female,41,88000,P03,2000,1,Shoes
650,Male,64,30000,P03,5000,1,Shoes
651,Female,61,75000,P03,2000,0,Shoes
652,Male,57,30000,P02,5000,1,Clothing
653,Male,20,92000,P05,3500,1,Stationery
654,Female,52,28000,P02,3500,0,Clothing
655,Female,42,54000,P03,2000,1,Shoes
656,Female,64,43000,P03,5000,0,Shoes
657,Female,28,22000,P03,5000,0,Shoes
658,Male,59,23000,P06,5000,0,Mobile Accessories
659,Male,20,86000,P01,5000,1,Sports
660,Male,41,84000,P02,2000,1,Clothing
661,Female,39,38000,P01,7000,0,Sports
662,Male,32,21000,P02,5000,0,Clothing
663,Female,35,74000,P02,3500,1,Clothing
664,Male,59,42000,P01,5000,0,Sports
665,Female,30,100000,P04,3500,1,Computer Accessories
666,Male,34,56000,P03,5000,1,Shoes
667,Male,49,61000,P02,3500,0,Clothing
668,Female,42,55000,P02,7000,0,Clothing
669,Female,62,29000,P02,5000,0,Clothing
670,Male,47,36000,P01,5000,1,Sports
671,Male,42,56000,P01,7000,0,Sports
672,Male,57,69000,P03,7000,0,Shoes
673,Female,19,22000,P03,7000,0,Shoes
674,Male,58,43000,P02,7000,0,Clothing
675,Female,55,64000,P02,5000,0,Clothing
676,Female,63,20000,P02,3500,0,Clothing
677,Male,61,21000,P01,3500,0,Sports
678,Male,40,30000,P01,7000,0,Sports
679,Male,52,42000,P01,2000,0,Sports
680,Male,26,64000,P01,2000,1,Sports
681,Female,63,85000,P02,7000,0,Clothing
682,Female,44,97000,P03,3500,1,Shoes
683,Female,29,22000,P01,3500,0,Sports
684,Male,45,75000,P01,3500,0,Sports
685,Female,38,37000,P01,3500,1,Sports
686,Male,38,64000,P01,3500,1,Sports
687,Female,37,73000,P03,2000,0,Shoes
688,Male,23,40000,P03,2000,1,Shoes
689,Male,55,32000,P03,2000,1,Shoes
690,Female,43,100000,P04,3500,1,Computer Accessories
691,Female,58,69000,P03,7000,0,Shoes
692,Female,28,57000,P01,5000,0,Sports
693,Female,59,32000,P02,3500,1,Clothing
694,Male,50,69000,P02,5000,1,Clothing
695,Male,37,49000,P02,2000,1,Clothing
696,Female,42,22000,P02,5000,0,Clothing
697,Male,53,75000,P01,3500,0,Sports
698,Male,43,64000,P03,7000,0,Shoes
699,Female,62,99000,P04,7000,0,Computer Accessories
700,Female,43,35000,P01,2000,1,Sports
701,Male,18,69000,P01,7000,0,Sports
702,Female,19,51000,P03,5000,1,Shoes
703,Female,24,50000,P02,2000,1,Clothing
704,Female,40,79000,P02,2000,0,Clothing
705,Female,59,79000,P01,3500,1,Sports
706,Male,60,38000,P02,7000,0,Clothing
707,Male,20,37000,P01,7000,0,Sports
708,Female,23,45000,P03,3500,1,Shoes
709,Female,21,39000,P03,3500,1,Shoes
710,Male,18,41000,P01,7000,0,Sports
711,Female,50,81000,P02,2000,1,Clothing
712,Female,18,90000,P01,3500,1,Sports
713,Male,30,84000,P03,5000,1,Shoes
714,Male,38,82000,P01,2000,1,Sports
715,Female,31,36000,P02,2000,0,Clothing
716,Female,23,81000,P02,7000,0,Clothing
717,Male,56,52000,P01,5000,0,Sports
718,Male,64,68000,P03,7000,0,Shoes
719,Female,56,69000,P01,3500,0,Sports
720,Male,46,82000,P02,2000,1,Clothing
721,Female,33,70000,P01,3500,0,Sports
722,Male,45,55000,P03,7000,0,Shoes
723,Female,24,94000,P05,5000,1,Stationery
724,Male,55,91000,P01,5000,1,Sports
725,Female,48,80000,P01,2000,0,Sports
726,Female,58,86000,P02,3500,1,Clothing
727,Male,50,94000,P02,7000,0,Clothing
728,Male,41,36000,P02,2000,0,Clothing
729,Female,40,80000,P03,7000,0,Shoes
730,Female,34,67000,P03,2000,0,Shoes
731,Female,58,90000,P01,7000,0,Sports
732,Female,51,88000,P02,2000,1,Clothing
733,Male,52,81000,P01,7000,0,Sports
734,Male,64,83000,P03,5000,1,Shoes
735,Female,52,38000,P02,7000,0,Clothing
736,Female,43,50000,P01,5000,0,Sports
737,Male,48,29000,P03,3500,0,Shoes
738,Female,54,60000,P01,7000,0,Sports
739,Male,19,96000,P04,7000,0,Computer Accessories
740,Female,23,43000,P03,2000,1,Shoes
741,Male,25,39000,P02,2000,1,Clothing
742,Male,40,27000,P06,7000,0,Mobile Accessories
743,Female,32,88000,P03,2000,1,Shoes
744,Male,22,100000,P04,2000,1,Computer Accessories
745,Male,37,60000,P02,5000,1,Clothing
746,Male,40,64000,P03,2000,1,Shoes
747,Male,37,97000,P01,3500,1,Sports
748,Male,32,62000,P01,2000,1,Sports
749,Female,36,30000,P06,7000,0,Mobile Accessories
750,Female,27,79000,P01,7000,0,Sports
751,Female,22,34000,P03,2000,1,Shoes
752,Male,25,54000,P03,7000,0,Shoes
753,Male,61,22000,P06,3500,0,Mobile Accessories
754,Male,24,30000,P01,5000,1,Sports
755,Female,63,50000,P02,5000,1,Clothing
756,Female,53,87000,P02,3500,1,Clothing
757,Female,21,56000,P02,7000,0,Clothing
758,Female,32,60000,P03,2000,1,Shoes
759,Female,26,80000,P01,2000,0,Sports
760,Female,62,95000,P03,7000,0,Shoes
761,Male,21,64000,P01,5000,1,Sports
762,Male,30,48000,P01,3500,0,Sports
763,Male,25,33000,P02,5000,0,Clothing
764,Male,43,69000,P03,7000,0,Shoes
765,Male,26,84000,P02,3500,1,Clothing
766,Female,39,23000,P06,2000,0,Mobile Accessories
767,Female,44,59000,P01,2000,1,Sports
768,Male,48,54000,P02,5000,0,Clothing
769,Female,39,68000,P01,2000,0,Sports
770,Female,40,98000,P03,3500,1,Shoes
771,Male,58,67000,P03,3500,0,Shoes
772,Male,52,39000,P01,5000,0,Sports
773,Female,56,49000,P02,3500,0,Clothing
774,Male,41,84000,P01,7000,0,Sports
775,Female,43,81000,P02,7000,0,Clothing
776,Female,35,55000,P01,2000,1,Sports
777,Female,54,72000,P01,3500,0,Sports
778,Female,41,86000,P03,7000,0,Shoes
779,Female,46,83000,P03,3500,1,Shoes
780,Male,28,84000,P03,3500,1,Shoes
781,Female,61,82000,P02,7000,0,Clothing
782,Male,44,79000,P01,7000,0,Sports
783,Female,22,67000,P02,3500,0,Clothing
784,Female,49,60000,P02,7000,0,Clothing
785,Female,24,69000,P01,2000,0,Sports
786,Male,60,67000,P02,7000,0,Clothing
787,Female,36,22000,P06,5000,0,Mobile Accessories
788,Male,59,46000,P01,2000,1,Sports
789,Male,28,36000,P03,2000,0,Shoes
790,Female,24,59000,P02,5000,1,Clothing
791,Male,18,76000,P02,3500,0,Clothing
792,Male,20,51000,P03,3500,1,Shoes
793,Female,61,61000,P01,3500,1,Sports
794,Female,52,59000,P02,3500,1,Clothing
795,Male,36,70000,P01,7000,0,Sports
796,Male,57,80000,P03,5000,0,Shoes
797,Female,22,51000,P01,5000,0,Sports
798,Female,61,89000,P03,3500,1,Shoes
799,Female,48,69000,P02,2000,1,Clothing
800,Female,53,38000,P03,5000,0,Shoes
801,Female,55,90000,P05,7000,0,Stationery
802,Female,37,22000,P02,2000,0,Clothing
803,Male,33,42000,P02,3500,0,Clothing
804,Male,63,95000,P05,7000,0,Stationery
805,Female,39,42000,P02,2000,1,Clothing
806,Male,33,87000,P01,2000,1,Sports
807,Female,43,34000,P02,2000,1,Clothing
808,Female,37,85000,P01,7000,0,Sports
809,Female,24,99000,P04,7000,0,Computer Accessories
810,Female,35,42000,P03,5000,0,Shoes
811,Female,21,57000,P03,7000,0,Shoes
812,Male,53,66000,P02,5000,0,Clothing
813,Male,42,58000,P01,2000,0,Sports
814,Male,42,42000,P01,3500,0,Sports
815,Male,50,50000,P03,3500,0,Shoes
816,Female,59,55000,P03,5000,0,Shoes
817,Male,47,39000,P02,3500,0,Clothing
818,Female,24,62000,P03,5000,1,Shoes
819,Female,56,94000,P03,2000,1,Shoes
820,Male,22,24000,P02,3500,0,Clothing
821,Female,29,88000,P02,7000,0,Clothing
822,Male,39,38000,P02,2000,1,Clothing
823,Male,31,71000,P03,5000,0,Shoes
824,Male,26,56000,P03,7000,0,Shoes
825,Male,25,49000,P01,7000,0,Sports
826,Male,33,35000,P02,3500,0,Clothing
827,Male,33,75000,P01,2000,1,Sports
828,Female,42,62000,P03,5000,0,Shoes
829,Male,45,46000,P03,3500,1,Shoes
830,Male,51,94000,P03,3500,1,Shoes
831,Female,48,24000,P06,7000,0,Mobile Accessories
832,Female,29,51000,P01,7000,0,Sports
833,Male,58,21000,P06,5000,0,Mobile Accessories
834,Male,26,55000,P01,7000,0,Sports
835,Male,28,77000,P01,2000,1,Sports
836,Female,42,58000,P02,5000,0,Clothing
837,Female,48,75000,P01,3500,1,Sports
838,Female,46,53000,P03,5000,0,Shoes
839,Male,44,64000,P03,3500,1,Shoes
840,Female,50,91000,P05,5000,1,Stationery
841,Female,30,83000,P01,5000,1,Sports
842,Male,54,51000,P01,2000,0,Sports
843,Male,33,45000,P02,5000,1,Clothing
844,Female,36,86000,P03,7000,0,Shoes
845,Female,55,79000,P03,2000,1,Shoes
846,Female,40,58000,P02,7000,0,Clothing
847,Male,21,85000,P01,5000,1,Sports
848,Female,60,23000,P06,2000,0,Mobile Accessories
849,Female,54,92000,P05,7000,0,Stationery
850,Female,19,88000,P02,5000,1,Clothing
851,Male,61,46000,P03,7000,0,Shoes
852,Female,49,28000,P02,7000,0,Clothing
853,Female,48,37000,P02,2000,1,Clothing
854,Female,51,62000,P01,3500,0,Sports
855,Female,45,62000,P03,3500,0,Shoes
856,Female,64,49000,P02,5000,0,Clothing
857,Male,40,81000,P01,3500,1,Sports
858,Female,51,88000,P03,5000,1,Shoes
859,Female,32,64000,P02,2000,1,Clothing
860,Female,18,23000,P06,3500,0,Mobile Accessories
861,Female,59,91000,P05,2000,1,Stationery
862,Male,56,95000,P05,3500,1,Stationery
863,Female,47,61000,P03,2000,0,Shoes
864,Female,22,44000,P01,3500,0,Sports
865,Female,41,21000,P06,5000,0,Mobile Accessories
866,Female,20,20000,P02,7000,0,Clothing
867,Male,63,62000,P02,5000,1,Clothing
868,Female,63,37000,P02,3500,0,Clothing
869,Male,24,43000,P01,7000,0,Sports
870,Female,33,35000,P01,3500,1,Sports
871,Male,40,99000,P01,3500,1,Sports
872,Female,36,54000,P01,3500,1,Sports
873,Male,56,30000,P02,7000,0,Clothing
874,Male,31,72000,P02,7000,0,Clothing
875,Male,52,53000,P02,5000,1,Clothing
876,Female,35,21000,P01,5000,0,Sports
877,Male,55,40000,P03,7000,0,Shoes
878,Male,52,40000,P02,7000,0,Clothing
879,Female,23,35000,P01,3500,1,Sports
880,Female,52,24000,P02,5000,0,Clothing
881,Female,26,63000,P01,3500,1,Sports
882,Male,29,34000,P03,3500,1,Shoes
883,Female,22,88000,P03,5000,1,Shoes
884,Male,54,29000,P02,2000,0,Clothing
885,Male,18,62000,P01,5000,0,Sports
886,Male,30,50000,P03,2000,0,Shoes
887,Male,57,36000,P03,3500,1,Shoes
888,Female,58,20000,P03,7000,0,Shoes
889,Female,25,40000,P01,5000,0,Sports
890,Male,47,20000,P03,5000,0,Shoes
891,Female,47,28000,P01,2000,0,Sports
892,Male,58,95000,P05,7000,0,Stationery
893,Female,56,37000,P02,7000,0,Clothing
894,Female,35,33000,P02,7000,0,Clothing
895,Male,28,76000,P02,3500,0,Clothing
896,Male,49,55000,P02,2000,1,Clothing
897,Female,22,39000,P02,7000,0,Clothing
898,Female,41,92000,P05,2000,1,Stationery
899,Male,61,42000,P03,2000,0,Shoes
900,Male,37,74000,P03,2000,1,Shoes
901,Male,60,78000,P01,5000,0,Sports
902,Male,18,47000,P01,2000,0,Sports
903,Male,59,62000,P02,5000,0,Clothing
904,Female,62,87000,P01,3500,1,Sports
905,Male,44,33000,P02,2000,0,Clothing
906,Female,33,73000,P02,5000,1,Clothing
907,Male,57,28000,P02,3500,0,Clothing
908,Male,23,20000,P02,5000,0,Clothing
909,Male,28,20000,P02,5000,0,Clothing
910,Female,51,77000,P01,3500,1,Sports
911,Female,49,84000,P03,2000,1,Shoes
912,Male,27,59000,P03,7000,0,Shoes
913,Male,19,67000,P03,5000,1,Shoes
914,Female,31,89000,P05,3500,1,Stationery
915,Female,34,28000,P01,3500,0,Sports
916,Female,30,27000,P06,2000,0,Mobile Accessories
917,Male,57,76000,P03,5000,1,Shoes
918,Male,21,38000,P03,7000,0,Shoes
919,Female,41,45000,P02,5000,0,Clothing
920,Male,52,24000,P06,7000,0,Mobile Accessories
921,Female,42,30000,P01,5000,1,Sports
922,Male,26,67000,P03,7000,0,Shoes
923,Male,52,34000,P03,3500,0,Shoes
924,Male,21,80000,P01,5000,1,Sports
925,Female,56,45000,P02,3500,0,Clothing
926,Male,27,20000,P06,7000,0,Mobile Accessories
927,Female,26,51000,P03,7000,0,Shoes
928,Female,44,93000,P05,7000,0,Stationery
929,Female,32,47000,P01,2000,1,Sports
930,Female,25,33000,P06,7000,0,Mobile Accessories
931,Female,30,88000,P01,3500,1,Sports
932,Female,38,91000,P01,3500,1,Sports
933,Male,59,62000,P03,5000,0,Shoes
934,Female,30,55000,P02,7000,0,Clothing
935,Male,51,87000,P03,3500,1,Shoes
936,Male,39,42000,P03,7000,0,Shoes
937,Female,64,93000,P05,2000,1,Stationery
938,Female,45,74000,P02,2000,1,Clothing
939,Male,41,44000,P01,3500,1,Sports
940,Male,37,39000,P02,7000,0,Clothing
941,Male,61,28000,P06,2000,0,Mobile Accessories
942,Female,63,70000,P03,3500,0,Shoes
943,Female,56,86000,P01,5000,1,Sports
944,Male,38,81000,P03,7000,0,Shoes
945,Male,18,73000,P02,7000,0,Clothing
946,Male,30,67000,P03,5000,0,Shoes
947,Female,42,77000,P03,5000,0,Shoes
948,Male,61,67000,P03,3500,1,Shoes
949,Male,59,92000,P05,2000,1,Stationery
950,Female,29,77000,P01,7000,0,Sports
951,Female,61,46000,P02,5000,0,Clothing
952,Female,63,25000,P01,2000,0,Sports
953,Female,29,94000,P05,5000,1,Stationery
954,Male,29,69000,P03,7000,0,Shoes
955,Female,24,36000,P03,5000,1,Shoes
956,Female,42,39000,P03,5000,0,Shoes
957,Female,28,63000,P01,5000,1,Sports
958,Female,34,73000,P01,3500,1,Sports
959,Female,50,27000,P01,7000,0,Sports
960,Female,40,92000,P05,7000,0,Stationery
961,Female,52,53000,P02,5000,1,Clothing
962,Male,34,70000,P03,3500,0,Shoes
963,Male,29,60000,P03,5000,1,Shoes
964,Male,38,96000,P05,3500,1,Stationery
965,Male,63,83000,P02,2000,1,Clothing
966,Female,40,99000,P04,2000,1,Computer Accessories
967,Male,39,45000,P03,2000,0,Shoes
968,Male,52,40000,P02,3500,1,Clothing
969,Male,31,37000,P03,2000,1,Shoes
970,Male,64,76000,P01,7000,0,Sports
971,Male,37,27000,P06,2000,0,Mobile Accessories
972,Male,25,58000,P02,7000,0,Clothing
973,Male,30,81000,P03,7000,0,Shoes
974,Female,56,97000,P04,2000,1,Computer Accessories
975,Male,54,59000,P01,7000,0,Sports
976,Male,38,59000,P03,5000,0,Shoes
977,Female,24,74000,P03,2000,0,Shoes
978,Male,24,87000,P02,2000,1,Clothing
979,Male,25,76000,P02,3500,0,Clothing
980,Male,43,56000,P02,5000,1,Clothing
981,Male,39,88000,P02,7000,0,Clothing
982,Male,53,33000,P01,3500,0,Sports
983,Female,21,60000,P03,7000,0,Shoes
984,Male,24,72000,P03,7000,0,Shoes
985,Male,21,72000,P01,7000,0,Sports
986,Female,35,43000,P01,2000,0,Sports
987,Female,24,23000,P06,7000,0,Mobile Accessories
988,Female,35,55000,P02,7000,0,Clothing
989,Male,34,90000,P05,3500,1,Stationery
990,Female,38,40000,P01,2000,1,Sports
991,Female,27,49000,P02,5000,1,Clothing
992,Male,30,82000,P02,5000,1,Clothing
993,Male,33,92000,P05,2000,1,Stationery
994,Female,41,27000,P03,5000,0,Shoes
995,Male,43,20000,P06,5000,0,Mobile Accessories
996,Male,21,73000,P02,5000,1,Clothing
997,Male,62,54000,P01,5000,0,Sports
998,Female,41,20000,P06,2000,0,Mobile Accessories
999,Male,22,29000,P06,5000,0,Mobile Accessories
1000,Female,49,36000,P03,3500,0,Shoes
